<?xml version="1.0" encoding="UTF-8"?>
<project-private xmlns="http://www.netbeans.org/ns/project-private/1">
    <editor-bookmarks xmlns="http://www.netbeans.org/ns/editor-bookmarks/2" lastBookmarkId="0"/>
    <open-files xmlns="http://www.netbeans.org/ns/projectui-open-files/2">
        <group>
            <file>file:/E:/Escola/EI/1%20Ano/2%20Semestre/Paradigmas/FP5/Ex1/src/Expenses/Demo/ExpensesDemo.java</file>
            <file>file:/E:/Escola/EI/1%20Ano/2%20Semestre/Paradigmas/FP5/Ex1/src/Expenses/PremiumFeatures.java</file>
            <file>file:/E:/Escola/EI/1%20Ano/2%20Semestre/Paradigmas/FP5/Ex1/src/Expenses/ParseDates.java</file>
            <file>file:/E:/Escola/EI/1%20Ano/2%20Semestre/Paradigmas/FP5/Ex1/src/Expenses/User.java</file>
            <file>file:/E:/Escola/EI/1%20Ano/2%20Semestre/Paradigmas/FP5/Ex1/src/Expenses/Subcription.java</file>
            <file>file:/E:/Escola/EI/1%20Ano/2%20Semestre/Paradigmas/FP5/Ex1/src/Expenses/CurrencyRates.java</file>
            <file>file:/E:/Escola/EI/1%20Ano/2%20Semestre/Paradigmas/FP5/Ex1/src/Expenses/Expenses.java</file>
        </group>
    </open-files>
</project-private>
